,가수,노래,원가사,1차 전처리 후
0,선우정아,도망가자,도망가자어디든 가야 할 것만 같아.넌 금방이라도 울 것 같아.괜찮아.우리 가자.걱정은 잠시 내려놓고.대신 가볍게 짐을 챙기자.실컷 웃고 다시 돌아오자.거기서는 우리 아무 생각말자.너랑 있을게 이렇게.손 내밀면 내가 잡을게.있을까 두려울 게.어디를 간다 해도.우린 서로를 꼭 붙잡고 있으니.너라서 나는 충분해.나를 봐 눈 맞춰줄래.너의 얼굴 위에 빛이 스며들 때까지.가보자 지금 나랑.도망가자.멀리 안 가도 괜찮을 거야.너와 함께라면 난 다 좋아.너의 맘이 편할 수 있는 곳.그게 어디든지 얘기 해줘.너랑 있을게 이렇게.손 내밀면 내가 잡을게.있을까 두려울 게.어디를 간다 해도.우린 서로를 꼭 붙잡고 있으니.가보는 거야 달려도 볼까.어디로든 어떻게든.내가 옆에 있을게 마음껏 울어도 돼.그 다음에.돌아오자 씩씩하게.지쳐도 돼 내가 안아줄게.괜찮아 좀 느려도 천천히 걸어도.나만은 너랑 갈 거야 어디든.당연해 가자 손잡고.사랑해 눈 맞춰줄래.너의 얼굴 위에 빛이 스며들 때까지.가보자 지금 나랑.,"도망가자 어디든 가야 할 것만 같아. 넌 금방이라도 울 것 같아. 괜찮아. 우리 가자. 걱정은 잠시 내려놓고. 대신 가볍게 짐을 챙기자. 실컷 웃고 다시 돌아오자. 거기서는 우리 아무 생각 말자. 너랑 있을게 이렇게. 손 내밀면 내가 잡을게. 있을까 두려울 게. 어디를 간다 해도. 우린 서로를 꼭 붙잡고 있으니. 너라서 나는 충분해. 나를 봐 눈 맞춰줄래. 너의 얼굴 위에 빛이 스며들 때까지. 가보자 지금 나랑. 도망가자. 멀리 안 가도 괜찮을 거야. 너와 함께라면 난 다 좋아. 너의 맘이 편할 수 있는 곳. 그게 어디든지 얘기해줘. 너랑 있을게 이렇게. 손 내밀면 내가 잡을게. 있을까 두려울 게. 어디를 간다 해도. 우린 서로를 꼭 붙잡고 있으니. 가보는 거야 달려도 볼까. 어디로든 어떻게든. 내가 옆에 있을게 마음껏 울어도 돼. 그다음에. 돌아오자 씩씩하게.,지쳐도 돼 내가 안아줄게. 괜찮아 좀 느려도 천천히 걸어도. 나만은 너랑 갈 거야 어디든. 당연해 가자 손잡고. 사랑해 눈 맞춰줄래. 너의 얼굴 위에 빛이 스며들 때까지. 가보자 지금 나랑."
1,해쉬스완,요즘것들,젊은 놈들 전부 벌어가게 사장들 앞에.아저씨 stop it 해 랩이나 내 발밑이라도 닿게.한 시즌만에 갔지 dab은 so checkin new shit 배로.봐 내 여유 The deep-set eyes 여긴 없지 trend.안따라가도 난 안빠져 눈 굴리는 놈 대답바로.99년생 민증도 못땠지 난 B rabbit 너흰 papadog.어린새끼 유명해 나빠보여 ? okay 그랬겠지 나라도.근데 넌 절대 못해 나 했던대로 두번 태어나봐도.Yeah 난 유행됐고 다 돌려 끼지.귀 밑에 껴놔 홍원s rings.but 내꺼랑 달라 길이.구매처를 알아 Dickids.yeah make up을하는 팀 나의 부름에 답해.young b stan by .삼다수 When i splash..묵묵하시던 아저씨도.꼭 한번씩 뭐라하시죠.옷입은 꼬라지 저 꼬라지 좀 보라지.아예 아예 아 예 예 예.Ah yeah ah yeah yeah yeah.요즘것들 이래서 안 돼요.요즘것들 이래서 안 돼요.각도는 18도로 굽힌채로.아예 아예 아 예 예 예.Ah yeah ah yeah yeah yeah..끝이 없는 배움의 끝 난 대충해도 돼 재능의 부.음 이런 쉽게 살려는 요즘 애들 또 배우겠군.이봐 그럼 안되요 요즘 애들이 이래요 .이런 말을 하면 꼰대래요.풉 풉 풉 메롱.Im stackin stackin money .요즘 은행가면 엄마 카드인줄 아네.야 요즘 애들은 엄마 카들 쓰면서 짝퉁에 민감하다매.야 야 야 꺼져 압구정 매장이 열면 .난 요즘 애들은 비싸 쳐다도 못보는 .가격표의 먼지를 털어.요즘 유행이잖아 총 모양의 손 우리 야망.뒤쳐진것들 플레이리스트에 갖다 대고 빵야 빵야.너도 요즘 애들 되고 싶다면 우선 비와이 형부터 까.요즘 것들은 열등감이 다라는 .내 지난 1년의 연구성과 야..요즘 나 좀 hashtag 섹시.택 시 처럼 타 비 행기.펌핑 댄싱 역기 땡김 청기 백기.이 버르장 머리 없는 새끼.SNS SOS so hot.더블클릭에 좋아요는 heart?!.WIFI LOG ON REFRESH SCROLL DOWN.쏟아지네 POST AFTER POST 쿵쿵쾅 핵 폭 탄.랩퍼가 너무많아 요즘엔 워.경계가 어딨어 언더나 메이저.요즘 애들은 더 원해 쌘거.그래서 난 여기에 가져왔어 생 것.타.비. 나 다듀 아니면 갬블.전부다 sprite gang 처음부터 game 끝.얘끼 맴매 때찌.정신 나간 돼지!..묵묵하시던 아저씨도.꼭 한번씩 뭐라하시죠.옷입은 꼬라지 저 꼬라지 좀 보라지.아예 아예 아 예 예 예.Ah yeah ah yeah yeah yeah.요즘것들 이래서 안 돼요.요즘것들 이래서 안 돼요.각도는 18도로 굽힌채로.아예 아예 아 예 예 예.Ah yeah ah yeah yeah yeah..배고픔을 돈주고산.니가 누굴 대변해 뻥친가사.매달 배로 받는 저작권에.때깔을 잡고 새옷과 새신발사.난 너처럼 절대 뻥안쳐.춤추고 싶으면 식대로 막 춰.남의 눈친 왜봐?.내 생각에 힙합은 자유로운 외박.척하면 안되는 게임에 끝판깨.고인물엔 재빠르게 발빼.그게 행주가 인맥 없는 이유.술자리 사진 안찍히는 이유.난 나를 믿지 하고픈 음악과.내 선택을 믿지 내 앞길을 막거나.말건 I dont care Wait wait.내이름을 기억해.행주in쥬만지 아주 동물적인 Groove를.타주지 하룻개새낀 범 무서운줄도 모르고 등.뒤에서 날 대신해서 내 드라마 각본을 써.편견은 반전줄때 더 효과있댔지.이건 유쥬얼서스펙트..묵묵하시던 아저씨도.꼭 한번씩 뭐라하시죠.옷입은 꼬라지 저 꼬라지 좀 보라지.아예 아예 아 예 예 예.Ah yeah ah yeah yeah yeah.요즘것들 이래서 안 돼요.요즘것들 이래서 안 돼요.각도는 18도로 굽힌채로.아예 아예 아 예 예 예.Ah yeah ah yeah yeah yeah..요즘것들 요즘것들.요즘것들 요즘것들.요즘것들 요즘것들.Ah yeah ah yeah yeah yeah.요즘것들 요즘것들.요즘것들 요즘것들.요즘것들 요즘것들.Ah yeah ah yeah yeah yeah.,"젊은 놈들 전부 벌어가게 사장들 앞에. 아저씨 stop it 해 랩이나 내 발밑이라도 닿게. 한 시즌만에 갔지 dab은 so check in new shit 배로. 봐 내 여유 The deep-set eyes 여긴 없지 trend. 안 따라가도 난 안 빠져 눈 굴리는 놈 대답 바로. 99년생 민증도 못 땠지 난 B rabbit 너흰 papadog. 어린 새끼 유명해 나빠 보여? okay 그랬겠지 나라도. 근데 넌 절대 못해 나 했던 대로 두 번 태어나 봐도. Yeah 난 유행됐고 다 돌려 끼지. 귀밑에 껴놔 홍원 s rings. but 내 거랑 달라 길이. 구매처를 알아 Dickids. yeah make up을 하는 팀 나의 부름에 답해. Young b stand by. 삼다수 When i splash.. 묵묵하시던 아저씨도. 꼭 한 번씩 뭐라 하시죠. 옷 입은,꼬락서니 저 꼬락서니 좀 보라지. 아예 아예 아 예 예 예. Ah yeah, ah yeah yeah yeah. 요즘 것들 이래서 안 돼요. 요즘 것들 이래서 안 돼요. 각도는 18도로 굽힌 채로. 아예 아예 아 예 예 예. Ah yeah ah yeah yeah yeah.. 끝이 없는 배움의 끝난 대충 해도 돼 재능의 부. 음 이런 쉽게 살려는 요즘 애들 또 배우겠군. 이봐 그럼 안돼요 요즘 애들이 이래요. 이런 말을 하면 꼰대래요. 풋 풋 풋 메롱. I'm stacking stake money. 요즘 은행 가면 엄마 카드인 줄 아네. 야 요즘 애들은 엄마 카들 쓰면서 짝퉁에 민감하다며. 야 야 야 꺼져 압구정 매장이 열면. 난 요즘 애들은 비싸 쳐다도 못 보는. 가격표의 먼지를 털어. 요즘 유행이잖아 총 모양의 손 우리 야망. 뒤처진 것들 플레이리스트,에 갖다 대고 빵야 빵야. 너도 요즘 애들 되고 싶다면 우선 비와이 형부터 까. 요즘 것들은 열등감이 다라는. 내 지난 1년의 연구성과 야.. 요즘 나 좀 hashtag 섹시. 택 시처럼 타 비 행기. 펌핑 댄싱 역기 땅김 청기 백기. 이 버르장 머리 없는 새끼. SNS SOS so hot. 더블클릭에 좋아요는 heart?!. WI FI LOG ON REFRESH SCROLL DOWN. 쏟아지네 POST AFTER POST 쿵쿵 쾅 핵 폭 탄. 래퍼가 너무 많아 요즘엔 워. 경계가 어딨어 언더나 메이저. 요즘 애들은 더 원해 쌘 거. 그래서 난 여기에 가져왔어 생 것. 타. 비. 나 다듀 아니면 갬블. 전부다 sprite gang 처음부터 game 끝. 얘기 맴매 때지. 정신 나간 돼지!.. 묵묵하시던 아저씨도. 꼭 한 번씩 뭐라 하시죠. 옷 입은 꼬락서니,저 꼬락서니 좀 보라지. 아예 아예 아 예 예 예. Ah yeah, ah yeah yeah yeah. 요즘 것들 이래서 안 돼요. 요즘 것들 이래서 안 돼요. 각도는 18도로 굽힌 채로. 아예 아예 아 예 예 예. Ah yeah, ah yeah yeah yeah.. 배고픔을 돈 주고 산. 네가 누굴 대변해 뻥친 가사. 매달 배로 받는 저작권에. 때깔을 잡고 새 옷과 새 신발사. 난 너처럼 절대 뻥 안 쳐. 춤추고 싶으면 식대로 막 춰. 남의 눈치 왜 봐?. 내 생각에 힙합은 자유로운 외박. 척하면 안 되는 게임에 끝판께. 고인 물엔 재빠르게 발 빼. 그게 행주가 인맥 없는 이유. 술자리 사진 안 찍히는 이유. 난 나를 믿지 하고픈 음악과. 내 선택을 믿지 내 앞길을 막거나. 말건 I don't care Wait, wait. 내 이름을 기억해. 행주 in 쥬만지 아주 동물적인 Groove를.,타주지 하룻 개새 낀 범 무서운 줄도 모르고 등. 뒤에서 날 대신해서 내 드라마 각본을 써. 편견은 반전 줄 때 더 효과있댔지. 이건 유주얼 서스펙트.. 묵묵하시던 아저씨도. 꼭 한 번씩 뭐라 하시죠. 옷 입은 꼬락서니 저 꼬락서니 좀 보라지. 아예 아예 아 예 예 예. Ah yeah, ah yeah yeah yeah. 요즘 것들 이래서 안 돼요. 요즘 것들 이래서 안 돼요. 각도는 18도로 굽힌 채로. 아예 아예 아 예 예 예. Ah yeah, ah yeah yeah yeah.. 요즘 것들 요즘 것들. 요즘 것들 요즘 것들. 요즘 것들 요즘 것들. Ah yeah, ah yeah yeah yeah. 요즘 것들 요즘 것들. 요즘 것들 요즘 것들. 요즘 것들 요즘 것들. Ah yeah, ah yeah yeah yeah."
2,에픽하이,HERE COME THE REGRETS,Honest to god.I dont remember why.I woke up on the floor.bout a quarter after four.Must have been something.Cuz you keep on calling.Telling me were done.I was tryin to have some fun.Ever since you left been rainy days.Ive been a fuckin mess.Wakin up in a sweat.Memories a haze.Still faded and drunk as shit.Been anywhere that trouble is and god is not.Girl I confess.Ive been crossin off death wishes.Like I got a kick the bucket list.Lookin for that fast love.Been givin out the same pain.That you dealt out.Can you blame me for being heartless.When I had my fuckin heart ripped out?.Flip out till Im kicked out.Cuz I taste you in every shot that I take down.But I feel so hollow.What Im trying to say is Im so.Sorry.Baby things got crazy.I know I know I know.I know I know I know.Here come the regrets.Here come the regrets.Here comes the.I wish I hadnt done it.I wish I hadnt said it.I wish that I could take it all back.Here come the regrets.Here come the regrets.Here comes the.I wish I hadnt done it.I wish I hadnt said it.I wish that I could take it all back.Here comes the.Where was I?.What did I do?.Who with?.When did I get here and why?.Man Im clueless.Regrets?.I got a few.Thousand.I blame the city.Blame the view.The musics too damn loud and.Look around.Look inside and out back.Smile at the world.Get a frown back.Is it me?.The whole fuckin towns mad.Full of ratfuckers and no mousetrap.I found that its a sound fact.If you put your money where your mouth at.Youre either gonna choke or be a mute.Id rather put my soul in a brown bag.God I know youre up there.God I know youre up there.God I know youre up there.God I know youre up there.God I know youre up there.But I needed you down here.Here come the regrets.Here come the regrets.Here comes the.I wish I hadnt done it.I wish I hadnt said it.I wish that I could take it all back.Here come the regrets.Here come the regrets.Here comes the.I wish I hadnt done it.I wish I hadnt said it.I wish that I could take it all back.Here comes the.Hand to god.I swear I dont remember how it started.Must have been the blow.It sure was alcohol related.Layin here tremblin.Paranoia ragin.Tryin to keep my sanity.While Im so medicated.Here come the regrets.Here come the regrets.Here comes the.I wish I hadnt done it.I wish I hadnt said it.I wish that I could take it all back.Here come the regrets.Here come the regrets.Here comes the.I wish I hadnt done it.I wish I hadnt said it.I wish that I could take it all back.Here come the regrets.,"정직한 하나님 께. 나는 그 이유를 기억하지 못한다. 나는 바닥에 일어났습니다. 4 분의 1 분기에 뭔가 있었을 것입니다. 사촌 전화를 계속합니다. 나에게 말하고 있다. 나는 재미있게 지내려고 노력하고 있었다. 네가 떠난 이후로 비 오는 날이었다. 나는 괴롭히는 엉망이었어. 땀을 흘리고 깨어났다. 추억은 헤이즈. 여전히 퇴색하고 술에 취해 똥. 어려움이 아니고 하나님이 아니라는 곳이었습니다. 소녀는 고백합니다. 나는 죽음의 소원을 횡단 해왔다,...에나는 버킷 목록을 걷어차는 것처럼. 그 빠른 사랑을 찾고 있습니다. 똑같은 고통을 흘렀다. 당신이 다루는 것입니다. 당신은 나를 무자비하게 생각할 수 있습니까? 내 괴상한 마음이 찢어졌을 때? 내가 쫓겨날 때까지 뒤집어 낸다. Cuz 나는 당신을 맛볼 수 있습니다. 하지만 나는 불쾌감을 느낍니다. 내가 말하려고 하는 것은 내가 그렇게 하려고 하는 것입니다. 죄송합니다. 아기 일들이 미쳤어. 알아, 알아, 알아. 알아, 알아, 알아. 여기에 혹독해,먹는다. 여기 후회가 있습니다. 여기에 있습니다. 나는 그것을 하지 않았 으면 좋겠다. 나는 그것을 말하지 않았 으면 좋겠다. 나는 그것을 모두 취할 수 있기를 바란다. 여기 후회가 있습니다. 여기 후회가 있습니다. 여기에 있습니다. 나는 그것을 하지 않았 으면 좋겠다. 나는 그것을 말하지 않았 으면 좋겠다. 나는 그것을 모두 취할 수 있기를 바란다. 여기에 있습니다. 나는 어디 있었 네?.제가 무엇을 했나요?.사람과?.내가 언제 여기에 도착했나요? 남자, 나는 무례합니다. 후회? 나는 몇 가지가 있다. 천. 나는 비난했다,도시. 보기를 비난하십시오. 음악은 너무 크고 망할 것입니다. 주위를 둘러보세요. 내부와 밖으로 봐. 세계에서 미소 짓는다. 찡그린 뒤로 가져와. 나야?.전체 빌어먹을 마을이 미쳤어. ratfuckers와 쥐덫이 없습니다. 나는 그 건전한 사실을 발견했다. 당신이 당신의 돈이 어디에 있으면 돈을 넣으면. 당신은 초크 하거나 음소거가 될 것입니다. 이 드는 오히려 내 영혼을 갈색 가방에 넣는다. 하나님, 내가 네가 거기에 있다는 걸 알아. 하나님, 내가 네가 거기에 있다는 걸 알아.,하나님, 내가 네가 거기에 있다는 걸 알아. 하나님, 내가 네가 거기에 있다는 걸 알아. 하나님, 내가 네가 거기에 있다는 걸 알아. 하지만 여기서 당신을 필요로 했습니다. 여기 후회가 있습니다. 여기 후회가 있습니다. 여기에 있습니다. 나는 그것을 하지 않았 으면 좋겠다. 나는 그것을 말하지 않았 으면 좋겠다. 나는 그것을 모두 취할 수 있기를 바란다. 여기 후회가 있습니다. 여기 후회가 있습니다. 여기에 있습니다. 나는 그것을 하지 않았 으면 좋겠다. 나는 그것을 말하지 않았 으면 좋겠다. 나는 그것을 모두 취할 수 있기를 바란다. 여기 온다,NS. 손을 하나님 께. 나는 그것이 어떻게 시작되었는지 기억하지 못하는 것을 맹세한다. 타격이 틀림없었어야 합니다. 그것은 확실히 알코올과 관련이 있었습니다. 여기에 누워. 편집증 지역. 내 일을 지키려고 노력하고 있습니다. 나는 너무 약학이었지만. 여기 후회가 있습니다. 여기 후회가 있습니다. 여기에 있습니다. 나는 그것을 하지 않았 으면 좋겠다. 나는 그것을 말하지 않았 으면 좋겠다. 나는 그것을 모두 취할 수 있기를 바란다. 여기 후회가 있습니다. 여기 후회가 있습니다. 여기에 있습니다. 나는 녀석을 바란다,제자가 끝났어. 나는 그것을 말하지 않았 으면 좋겠어. 나는 그것을 모두 가져갈 수 있기를 바란다. 여기 후회가 있습니다."
3,에픽하이,Wish you were,For the last few years.Its been pourin rain.So Ive been a stay home dad.My daughter saw the pain.And whispered Stay home Dad.And peoples take on that is.That Im washed up.Well dear.All my peers are drowning in their past.So Id rather be.Right here.,"지난 몇 년 동안. 비가 쏟아져 나왔습니다. 그래서 나는 집에 머물러 왔습니다. 내 딸이 고통을 보았습니다. 그리고 속삭였다. 민족은 그다. 내가 씻겨 줬어. 글쎄, 친애하는. 모든 동료들은 과거에 익사하고 있습니다. 그래서 이드는 오히려. 바로 여기에."
4,타블로,HOOD,"Where I’m from.Han is the name we gave to .struggle and pain.내가 사는 곳에선 고생.고통에게 한이라는 이름을 지어줬다..Its river runs through our city like it .runs through our veins.그의 강이 우리의 도시 속에 흐른다 .그가 우리의 핏줄 속에 흐르듯이..To us it’s the .one thing above all things.우린 그를 모든 것 위에 치켜세운다..Money, love, gods and kings.돈, 사랑, 신들과 왕들 위에..It’s whats drivin’ us.그가 우리를 움직인다..be it ahead or insane .앞을 향해서든 광기를 향해서든..We sit shotgun to it Wishin.우린 그의 옆자리에 앉아 소망한다..that it takes us.navigates us to a better livin.그가 우리를 .더 좋은 삶으로 인도하기를..Its with us cramped up in the bus.그는 비좁은 버스..subways, our schools and our buildings.지하철, 학교와 건물들 안에서 .우리와 함께 뒤엉켜있다..Its what our appas pay to get .food for their children.그는 우리의 아빠들이 .자식들을 먹여살리기 위해 .치른 대가이기도 하고..It sits at the bottom of the pot .when our ummas got that .hot doenjang guk in the kitchen.엄마가 부엌에서 끓이는 .된장국 냄비 바닥에 가라앉아 있는 .애정의 흔적이기도 하다..On and on, it makes us hustle on.그는 우리를 끊임없이 달리게 한다 ..For the money we fight.fall but overcome.돈을 벌기 위해 투쟁하고 .무너지게 하다가도 이겨내게 한다..Thats why we call it won.그래서 Won이라고 부르나보다..Han is spoken yet unspoken.한은 말없이 말한다..We could be broke but never broken.우린 무일푼이 되어도 .부러지진 않는다..It made my father work .the graveyard shift.한은 나의 아버지를 .죽도록 일하게 만들었고..and still makes his graveyard shift.무덤속에서도 몸부림치게 하고있다..And thats that shit right there.그래, 그렇다..What you call ‘soul is our city right here.당신들이 소울이라고 부르는 것이 .우리의 도시다..From Hongdae to Bedstuy.홍대부터 베드 스타이까지..were born from the same pain.shed alike tears.우린 닮은 고통에서 태어났고 .닮은 눈물을 흘린다..Some call it pain.누군 고통이라 부르지만..We call it 사랑’ man.우린 사랑이라고 부른다..Middle finger to the hate .and the broken minds that cant relate.증오를 향해.그리고 우릴 이해하지 못하는 세상을 향해 .가운데 손가락을 들어 올린다..And thats that shit right there.그래, 그렇다..누가 뭐래도 내 심장에 .자리잡은 도시 날 깨우는 아침에 소리.밤의 빛, right here..Some call it pain.누군 고통이라 부르지만..We call it 사랑’ man.우린 사랑이라고 부른다..Middle finger to the hate .and the broken minds that cant relate.증오를 향해.그리고 우릴 이해하지 못하는 세상을 향해 .중지를 높힌다..Been rap supreme .Guess its only right how I tax a fiend.난 이 씬의 왕 나에게 취해있는 자들이 .손 벌리게 해..Been handing out styles no that aint free .The most adapt to green without greed.내 방식은 돈이 따라오게 하지 .부에 익숙해도 욕심을 부릴 필요가 없어..I deserve honors.lots of furs and designers.tucked under wet vaginas.in Havana eating benihana.명예는 마땅해 모피와 명품.여자들의 사랑 하바나에서 .진수성찬을 즐기며..while I puff ganja .Then forget all my drama like .I ain’t got no fuxking problems .man this $$ keep piling in.한대 피우며 아무일 없듯이 .내 고통을 잊어 돈은 계속 쌓이지만..Biggie said it.mo money mo headaches.비기가 말했지.돈이 쌓이면 문제도 쌓인다고..Know he looking down like.“Oh now you get it?”.아마 천국에서 내려다보며 .말하고 있겠지, “이제 알겠냐?""..Yes I do, it’s best you too .I take the $$ from you .then invest in my crew.알지 너희들도 아는 게 좋을테야 .내가 번 돈은 내 사람들에게 투자해..These chest moves.you couldnt guess whats next too.심장이 뛰면 됐어 .그 다음은 알 바 없어..I heard the night creepin up .with the next moon.새로운 달이 뜨며 밤이 다가오고 있다..Somewhere round next June, .내년 6월쯤 어딘가에서..Somewhere we vex too at the fact .that these raps more like vegetables to you.가끔은 화가난다 내 예술이.너의 입맛에 맞지 않다는 게..But im livin sweet, i got the juice .Sip slow like its lemon tea with gin too.하지만 내 인생은 달콤해 .내 인생은 레몬차와 .진을 마시듯 천천히 흘러..Hot toddy, served to me with a nice mam.i Look like Dej Loaf .catch a body if ya try me.아니면 아름다운 여자가 서빙해준 .꿀과 위스키처럼 .Dej Loaf처럼 생긴 여자 말이야 그.러니 날 괜히 건드리지는 마..She so sexy, got a deadly appearance.she dressed up and .killed herself in the mirror.내 인생은 치명적인 매력을 갖고 있어 .항상 거울 앞에서 .날 위해 머리부터 발끝까지 꾸미지..Good lord help me .The massacre got clearer.bet she still believe in ya selfie.신이여 나를 살려주오 .죽음 앞에서도 셀카나 찍고 있네..See thats that shit right there.그래, 그렇다..Another j blown in the mist right there.내가 뱉는 연기가 안개속으로 퍼진다..A Sunny day wont make this pic clear.해가 떠도 이 광경이 .더 선명해지진 않을 거다..For all the dead and gone.put a spliff in the air.죽고 사라진 모두를 위해 손을 하늘위로..This one for the pain.고통을 잊고..This one for the hate.증오를 잠재우고..Middle finger to the lames and you .broke ass niXXas that cant relate.머저리들과 우릴 이해하지 못하는 .거지같은 놈들을 향해 중지를 높힌다..See thats that shit right there.그래, 그렇다..Another j blown in the mist right there.내가 뱉는 연기가 안개속으로 퍼진다..A Sunny day wont make this pic clear.해가 떠도 이 광경이 .더 선명해지진 않을 거다..For all the dead and gone.put a spliff in the air.죽고 사라진 모두를 위해 손을 하늘위로..This one for the pain.고통을 잊고..This one for the hate.증오를 잠재우고..Middle finger to the lames and you .broke ass niXXas that cant relate.머저리들과 우릴 이해하지 못하는 .거지같은 놈들을 향해 중지를 높힌다..Good lord help me.신이여 나를 살려주오..힙겹지만 곧 행복이 되겠지..Good lord help me.신이여 나를 살려주오..두렵지만 곧 행복이 되겠지..See thats that shit right there.그래, 그렇다..Another j blown in the mist right there.내가 뱉는 연기가 안개속으로 퍼진다..A Sunny day wont make this pic clear.해가 떠도 이 광경이 .더 선명해지진 않을 거다..For all the dead and gone.put a spliff in the air.죽고 사라진 모두를 위해 손을 하늘위로..This one for the pain.고통을 잊고..This one for the hate.증오를 잠재우고..Middle finger to the lames and you .broke ass niXXas that cant relate.머저리들과 우릴 이해하지 못하는 .거지같은 놈들을 향해 중지를 높힌다..And thats that shit right there.그래, 그렇다..What you call ‘soul is our city right here.당신들이 소울이라고 부르는 것이.우리의 도시다..From Hongdae to Bedstuy.홍대부터 베드 스타이까지..were born from the same pain.shed alike tears.우린 닮은 고통에서 태어났고 .닮은 눈물을 흘린다..Some call it pain.누군 고통이라 부르지만..We call it 사랑’ man.우린 사랑이라고 부른다..Middle finger to the hate and the .broken minds that cant relate.증오를 향해.그리고 우릴 이해하지 못하는 .세상을 향해 중지를 높힌다..Pro Era HIGHGRND .On a Kunst beat Sit back, lie down.프로에라 하이그라운드 .쿤스트의 비트 위에서 만났다 .편하게 앉고 몸을 눕혀라..Pro Era HIGHGRND .On a Kunst beat Sit back, lie down.Pro Era HIGHGRND .On a Kunst beat Sit back, lie down.Pro Era HIGHGRND .On a Kunst beat Sit back, lie down.Pro Era HIGHGRND .On a Kunst beat Sit back, lie down.Pro Era HIGHGRND .On a Kunst beat Sit back, lie down.Pro Era HIGHGRND .On a Kunst beat Sit back, lie down..Pro Era HIGHGRND .Rep ya hood .Don’t let em turn the lights down.프로에라 하이그라운드 .너의 동네를 대표해라 .아무도 불을 끄지 못하게.","Where I’m from. Han is the name we gave to. Struggle and pain. 내가 사는 곳에선 고생. 고통에게 한이라는 이름을 지어줬다.. Its river runs through our city like it .runs through our veins. 그의 강이 우리의 도시 속에 흐른다. 그가 우리의 핏줄 속에 흐르듯이.. To us, it’s the. One thing above all things. 우린 그를 모든 것 위에 치켜세운다.. Money, love, gods and kings. 돈, 사랑, 신 들과 왕들 위에.. It’s what's driving’ us. 그가 우리를 움직인다.. be it ahead or insane. 앞을 향해서든 광기를 향해서든.. We sit shotgun t,O it within. 우린 그의 옆자리에 앉아 소망한다.. that it takes us. Navigates us to a better living. 그가 우리를. 더 좋은 삶으로 인도하기를.. It's with us cramped up on the bus. 그는 비좁은 버스.. subways, our schools and our buildings. 지하철, 학교와 건물들 안에서. 우리와 함께 뒤엉켜있다.. It's what our app as pay to get. Food for their children. 그는 우리의 아빠들이. 자식들을 먹여살리기 위해. 치른 대가이기도 하고.. It sits at the bottom of the pot. When our e-mails got that. Hot dungeon Guk in the k,Itchen. 엄마가 부엌에서 끓이는. 된장국 냄비 바닥에 가라앉아 있는. 애정의 흔적이기도 하다.. On and on, it makes us hustle on. 그는 우리를 끊임없이 달리게 한다 .. For the money we fight. Fall but overcome. 돈을 벌기 위해 투쟁하고. 무너지게 하다가도 이겨내게 한다.. That's why we call it won. 그래서 Won이라고 부르나보다.. Han is spoken yet unspoken. 한은 말없이 말한다.. We could be broke, but never broken. 우린 무일푼이 되어도. 부러지진 않는다.. It made my father work. The graveyard shift. 한은 나의 아버지를. 죽도록 일하게 만들었고.. and st,Ill make his graveyard shift. 무덤 속에서도 몸부림치게 하고 있다.. And that's that shit right there. 그래, 그렇다.. What you call ‘soul is our city right here. 당신들이 솔이라고 부르는 것이. 우리의 도시다.. From Hongdae to Bedstuy. 홍대부터 베드 스타이까지.. were born from the same pain. shed alike tears. 우린 닮은 고통에서 태어났고. 닮은 눈물을 흘린다.. Some call it pain. 누군 고통이라 부르지만.. We call it 사랑’ man. 우린 사랑이라고 부른다.. Middle finger to the heart. And the broken minds that can't re,Late. 증오를 향해. 그리고 우릴 이해하지 못하는 세상을 향해. 가운뎃손가락을 들어 올린다.. And that's that shit right there. 그래, 그렇다.. 누가 뭐래도 내 심장에. 자리 잡은 도시 날 깨우는 아침에 소리. 밤의 빛, right here.. Some call it pain. 누군 고통이라 부르지만.. We call it 사랑’ man. 우린 사랑이라고 부른다.. Middle finger to the heart. And the broken minds that can't relate. 증오를 향해. 그리고 우릴 이해하지 못하는 세상을 향해. 중지를 높인다.. Been rapping supreme. Guess it's only right how I tax a fiend. 난 이 신의 왕 나에게 취해있는 자들이. 손 벌,리게 해.. Been handing out styles no that ain't free. The most adapt to green without greed. 내 방식은 돈이 따라오게 하지. 부에 익숙해도 욕심을 부릴 필요가 없어.. I deserve honors. Lots of furs and designers. Tucked under wet vaginas. In Havana eating Benihana. 명예는 마땅해 모피와 명품. 여자들의 사랑 하바나에서. 진수성찬을 즐기며.. while I puff Ganja. Then forget all my drama like. I did not get no faxing problems. Man, this $$ keep piling in. 한대 피우며 아무 일 없듯이. 내 고통을 잊어,돈은 계속 쌓이지만.. Biggie said it.mo money no headaches. 비기가 말했지. 돈이 쌓이면 문제도 쌓인다고.. Know him looking down like. “Oh, now you get it?”. 아마 천국에서 내려다보며. 말하고 있겠지, “이제 알겠냐? "".. Yes, I do, it’s best you too. I take the $$ from you. Then invest in my crew. 알지 너희들도 아는 게 좋을 테야. 내가 번 돈은 내 사람들에게 투자해.. These chest moves. You couldn't guess what's next too. 심장이 뛰면 됐어. 그다음은 알 바 없어.. I heard the night creeping up. With the next moon. 새로운,달이 뜨며 밤이 다가오고 있다.. Somewhere round next June, . 내년 6월쯤 어딘가에서.. Somewhere we vex too at the fact. That these raps more like vegetables for you. 가끔은 화가 난다 내 예술이. 너의 입맛에 맞지 않다는 게.. But I'm living sweet, I got the juice. Sip slow like its lemon tea with gin too. 하지만 내 인생은 달콤해. 내 인생은 레몬 차와. 진을 마시듯 천천히 흘러.. Hot toddy, served to me with a nice mam. I Look like Dej Loaf. Catch a body if you try me. 아니면 아름다운 여자가 서빙해준. 꿀과,위스키처럼. Dej Loaf처럼 생긴 여자 말이야 그. 러니 날 괜히 건드리지는 마.. She so sexy, got a deadly appearance. She dressed up and. Killed herself in the mirror. 내 인생은 치명적인 매력을 갖고 있어. 항상 거울 앞에서. 날 위해 머리부터 발끝까지 꾸미지.. Good lord help me. The massacre got clearer. Bet she still believe in you selfie. 신이여 나를 살려주오. 죽음 앞에서도 셀카나 찍고 있네.. See, that's that shit right there. 그래, 그렇다.. Another j blown in the mist right there. 내가 뱉는 연기가 안갯속으로 퍼진다..,A Sunny day won't make this pic clear. 해가 떠도 이 광경이. 더 선명해지진 않을 거다.. For all the dead and gone. Put a spliff in the air. 죽고 사라진 모두를 위해 손을 하늘 위로.. This one for the pain. 고통을 잊고.. This one for the hate. 증오를 잠재우고.. Middle finger to the lames and you. Broke ass nixes that can't relate. 머저리들과 우릴 이해하지 못하는. 거지 같은 놈들을 향해 중지를 높인다.. See, that's that shit right there. 그래, 그렇다.. Another j blown in the mist right there. 내가 뱉는 연기가,안갯속으로 퍼진다.. A Sunny day won't make this pic clear. 해가 떠도 이 광경이. 더 선명해지진 않을 거다.. For all the dead and gone. Put a spliff in the air. 죽고 사라진 모두를 위해 손을 하늘 위로.. This one for the pain. 고통을 잊고.. This one for the hate. 증오를 잠재우고.. Middle finger to the lames and you. Broke ass nixes that can't relate. 머저리들과 우릴 이해하지 못하는. 거지 같은 놈들을 향해 중지를 높인다.. Good lord help me. 신이여 나를 살려주오.. 힘겹지만 곧 행복이 되겠지.. Good lord help me. 신이여 나를 살려주오..,두렵지만 곧 행복이 되겠지.. See, that's that shit right there. 그래, 그렇다.. Another j blown in the mist right there. 내가 뱉는 연기가 안갯속으로 퍼진다.. A Sunny day won't make this pic clear. 해가 떠도 이 광경이. 더 선명해지진 않을 거다.. For all the dead and gone. Put a spliff in the air. 죽고 사라진 모두를 위해 손을 하늘 위로.. This one for the pain. 고통을 잊고.. This one for the hate. 증오를 잠재우고.. Middle finger to the lames and you. Broke ass nixes that can't relate. 머저리들과 우릴 이해할,지 못하는. 거지 같은 놈들을 향해 중지를 높인다.. And that's that shit right there. 그래, 그렇다.. What you call ‘soul is our city right here. 당신들이 솔이라고 부르는 것이. 우리의 도시다.. From Hongdae to Bedstuy. 홍대부터 베드 스타이까지.. were born from the same pain. shed alike tears. 우린 닮은 고통에서 태어났고. 닮은 눈물을 흘린다.. Some call it pain. 누군 고통이라 부르지만.. We call it 사랑’ man. 우린 사랑이라고 부른다.. Middle finger to the hate and the. Broken minds that can't relate. 증오를 향해. 그리고 우릴 이해할,지 못하는. 세상을 향해 중지를 높인다.. Pro Era HIGHGRND. On an Kunst beat Sit back, lay down. 프로에야 하이 그라운드. 쿤스트의 비트 위에서 만났다. 편하게 앉고 몸을 눕혀라.. Pro Era HIGHGRND. On an Kunst beat Sit back, lay down. Pro Era HIGHGRND. On an Kunst beat Sit back, lay down. Pro Era HIGHGRND. On an Kunst beat Sit back, lay down. Pro Era HIGHGRND. On an Kunst beat Sit back, lay down. Pro Era HIGHGRND. On an Kunst beat Sit back, lay down. Pro Era HIGHGR,ND. On an Kunst beat Sit back, lay down.. Pro Era HIGHGRND. Rep YA hood. Don’t let em turn the lights down. 프로에야 하이 그라운드. 너의 동네를 대표해라. 아무도 불을 끄지 못하게."
5,maroon5,lost,"Had no connection, no faith or direction, no.Searching and searching for someone to save my soul (Ooh)...Ooh, I was swept up in a wave, swept up in a wave.Ooh, then I heard you say my name.Yeah-yeah, yeah-yeah...Lost, I was lost, I was lost til you loved me.Now Im found, now Im found, now Im found.Yeah, you took me to a place, it was safe, it was sound (Sound, sound, sound...).Lost, I was lost, now Im found.Lost, I was lost, I was lost til you loved me.Now Im found, now Im found, now Im found.Yeah, you took me to a place, it was safe, it was sound (Sound, sound, sound...).Lost, I was lost, now Im found...I was so broken, my heart was an empty space (Oh, oh, oh).Life was a joke til the moment I saw your face.Saw your face, saw your face..Ooh, I was swept up in a wavе, swept up in a wave.Ooh, then I hеard you say my name.Yeah-yeah, yeah-yeah...Lost, I was lost, I was lost til you loved me.Now Im found, now Im found, now Im found.Yeah, you took me to a place, it was safe, it was sound (Sound, sound, sound...).Lost, I was lost, now Im found.Lost, I was lost, I was lost til you loved me.Now Im found, now Im found, now Im found.Yeah, you took me to a place, it was safe, it was sound (Sound, sound, sound...).Lost, I was lost, now Im found...Ooh-ooh-ooh, again (Again).Ooh-ooh-ooh, again, yeah (Again).Ooh-ooh-ooh, again (Again).Ooh-ooh-oohh, again, yeah (Again)...Ooh, I was wept up in a wave, swept up in a wave.Ooh, I was fadin when you came.Yeah-yeah, yeah-yeah, yeah...Lost, I was lost, I was lost til you loved me (I was lost, lost).Now Im found, now Im found, now Im found (Now Im found, found, found).Yeah, you took me to a place, it was safe, it was sound (Yeah, yeah, yeah).Lost, I was lost, now Im found (Oh yeah).Lost, I was lost, I was lost til you loved me (I was lost, lost).Now Im found, now Im found, now Im found (Now Im found, found, found).Yeah, you took me to a place, it was safe, it was sound (Ooh, yeah, yeah).Lost, I was lost, now Im found.","연결이 없고 믿음이나 방향 없음, 아니오. 내 영혼을 구하기 위해 누군가를 검색하고 찾고 있습니다 (OOH) ... ooh, 나는 물결에 휩쓸려 휩쓸었다. 오, 네가 내 이름을 말하는 걸 들었어. 네, 그래, 그래, 잃어버렸어, 나는 잃어버렸어, 네가 나를 사랑했을 때까지 잃어버렸어. 이제 나는 이제 발견된다. 이제는 발견된다. 그래, 너 나한테서 그걸로 데려갔고, 안전했어, 그것은 소리 (소리, 소리, 소리 ...) 였어. 잃어버린, 나는 길을 잃었습니다,나는 발견된다. 잃어버린, 나는 잃어버렸습니다. 나는 당신이 나를 사랑할 때까지 잃어버렸습니다. 이제 나는 이제 발견된다. 이제는 발견된다. 그래, 너 나한테서 그걸로 데려갔고, 안전했어, 그것은 소리 (소리, 소리, 소리 ...) 였어. 잃어버린, 나는 잃어버린, 이제는 찾았습니다 ... 나는 너무 부러졌습니다. 내 마음은 빈 공간 (오, 오, 오,)입니다. 인생은 당신의 얼굴을 보았을 때까지 농담이었습니다. 당신의 얼굴을 보았고, 당신의 얼굴을 보았습니다. ooh, 나는 물결에 휩쓸려 휩쓸었다. 오해,, 그럼 당신이 내 이름을 말하는 것을 말합니다. 네, 그래, 그래, 잃어버렸어, 나는 잃어버렸어, 네가 나를 사랑했을 때까지 잃어버렸어. 이제 나는 이제 발견된다. 이제는 발견된다. 그래, 너 나한테서 그걸로 데려갔고, 안전했어, 그것은 소리 (소리, 소리, 소리 ...) 였어. 잃어버린, 나는 잃어버린 이제, 나는 발견된다. 잃어버린, 나는 잃어버렸습니다. 나는 당신이 나를 사랑할 때까지 잃어버렸습니다. 이제 나는 이제 발견된다. 이제는 발견된다. 그래, 너 나한테 갔어, 그것은 안전했어, 그것은 소리였다. (sou,nd, 소리, 소리 ...). 잃어버린, 나는 잃어버린 이제, 이제는 발견되었습니다 ... ooh-ooh-ooh, 다시 (다시).ooh-ooh-ooh, 다시, 예 (다시).ooh-ooh-ooh, 다시 (다시).ooh-ooh-ooh, 다시, 예 (다시) ... ooh, 나는 파도에 잠을 잤고, 파도에 휩쓸었다. 오, 네가 왔을 때 나는 퇴색했다. 네, 그래, 그래, 그래, 잃어버린, 나는 잃어버렸어, 나는 네가 나를 사랑할 때까지 잃어버렸다. (나는 길을 잃었다. 이제 나는 이제 발견된다. 이제 나는 발견된다. 이제 나는 발견한다 (지금 나는,발견된 발견, 발견).그래, 네가 나를 장소로 데려갔다. 그것은 안전했다. 그것은 소리였다. (예, 예, 예, 예.). 잃어버린, 나는 잃어버렸습니다. 이제 나는 찾는 것입니다 (오, 예). 잃어버린, 나는 잃어버렸습니다. 나는 당신이 나를 사랑할 때까지 길을 잃었습니다 (나는 길을 잃었습니다).이제 나는 이제 찾았습니다. 이제는 찾았습니다. 이제 나는 이제 찾는 것입니다 (이제는 발견, 발견된 것으로 발견).그래, 너 나한테 자리에 데려갔어, 그것은 안전했어, 그것은 소리였어. (오, 그래, 예, 그래.). 잃어버린, 나는 잃어버린 이제, 나는 발견된다."
6,에픽하이,트로트,하아 힘든 세상.어디 하나 기댈 데도 없는.이 세상.너뿐이다 트로트.아무리 각 잡아봐도 똑바로 봐도.술취하면 똑같아 뱃속에 파도.일렁일 때마다 되려 술잔을 찾고.팔다리는 나풀대 마이크를 잡고.딴따라따따따.트롯가락에 맞춰서.움직여 네 박자.땡뻘같은 하루에 유일한 동반자.술깨면 떠나 사랑은 나비인가봐.누군 슬플 때 막춤을 춰.난 헌 걸레처럼.이 썩어빠진 아픔을 쥐어 짜.차차차 노래 쥐어 짜짜짜.반짝이 옷을 입은 것처럼 랄랄라.음정은 내 생활처럼 불안해.소주잔에 비친 내 모습.처량하고 불쌍해.누가 내 맘을 알아줄까.크게 불러 술안에 젖어가는.인생이여.갈대처럼 휘고.잡초처럼 밟힌 내 인생살이.술 한 잔에 울고.노래가락속에 웃는 내 인생아.나의 트로트.힙합 댄스 락.발라드도 좋지만 슬플 땐 what.힙합 댄스 락.발라드도 좋지만 슬플 땐 what.힙합 댄스 락.발라드도 좋지만 슬플 땐 what.힙합 댄스 락.발라드도 좋지만 슬플 땐.부산에선 여자가 심장을 찢고.난 떠났다 걸었다 대구 대전찍고.끝내 서울시.밤이면 밤마다 술을 퍼붓지.네온밤도 어둡지.갈 곳이 없어 난 힘이 없어.홀로 남은 개리형처럼 길이 없어.여기 멈춰 한곡을 뽑아.밤이면 밤마다 마이크의 목을 졸라.오늘의 무대는 집앞 포장마차.숟가락 젓가락 잔이 만든 박자.슬플 때 요즘 노래보다 낫다.구수한 가사 난 이 맛으로 산다.마치 어머니의 된장국처럼.잊혀질 만하면 생각 중.지나간 옛 애인처럼 떠올라.한바탕 불러대면 술이 떠올라.갈대처럼 휘고.잡초처럼 밟힌 내 인생살이.술 한잔에 울고.노래가락속에 웃는 내 인생아.나의 트로트.힙합 댄스 락.발라드도 좋지만 슬플 땐 what.힙합 댄스 락.발라드도 좋지만 슬플 땐 what.힙합 댄스 락.발라드도 좋지만 슬플 땐 what.힙합 댄스 락.발라드도 좋지만 슬플 땐.트로트.갈대처럼 휘고.잡초처럼 밟힌 내 인생살이.태산처럼 쌓여.모래처럼 흩어진 나의 인생아.갈 데없이 뛰고.정처없이 떠도는 하루살이.술 한잔에 울고.노래가락속에 웃는 내 인생아.나의 트로트.힙합 댄스 락.발라드도 좋지만 슬플 땐 what.힙합 댄스 락.발라드도 좋지만 슬플 땐 what.힙합 댄스 락.발라드도 좋지만 슬플 땐 what.힙합 댄스 락.발라드도 좋지만 슬플 땐.,"하아 힘든 세상. 어디 하나 기댈 데도 없는. 이 세상. 너뿐이다 트로트. 아무리 각 잡아봐도 똑바로 봐도. 술 취하면 똑같아 뱃속에 파도. 일렁일 때마다 되려 술잔을 찾고. 팔다리는 나풀대 마이크를 잡고. 딴따라 따따따. 트롯 가락에 맞춰서. 움직여 네 박자. 땡뻘같은 하루에 유일한 동반자. 술 깨면 떠나 사랑은 나비인가 봐. 누군 슬플 때 막춤을 춰. 난 헌 걸레처럼. 이 썩어빠진 아픔을 쥐어짜. 차차차 노래 쥐어 짜짜짜. 반짝이 옷을 입은 것처럼 랄랄라. 음정은 내 생활처럼 불안해. 소주잔에 비친 내 모습. 처량하고 불쌍해. 누가 내 맘을 알아줄까. 크게 불러 술 안에 이 젖어가는. 인생이여. 갈대처럼 휘고. 잡초처럼 밟힌 내 인생살이. 술 한 잔에 울고. 노랫가락 속에 웃는 내 인생아. 나의 트로트. 힙합 댄스 락. 발라드도 좋지만 슬플 땐 what. 힙합 댄스 락. 발,라드도 좋지만 슬플 땐 what. 힙합 댄스 락. 발라드도 좋지만 슬플 땐 what. 힙합 댄스 락. 발라드도 좋지만 슬플 땐. 부산에선 여자가 심장을 찢고. 난 떠났다 걸었다 대구 대전 찍고. 끝내 서울시. 밤이면 밤마다 술을 퍼붓지. 네온 밤도 어둡지. 갈 곳이 없어 난 힘이 없어. 홀로 남은 개리형처럼 길이 없어. 여기 멈춰 한 곡을 뽑아. 밤이면 밤마다 마이크의 목을 졸라. 오늘의 무대는 집 앞 포장마차. 숟가락 젓가락 잔이 만든 박자. 슬플 때 요즘 노래보다 낫다. 구수한 가사 난 이 맛으로 산다. 마치 어머니의 된장국처럼. 잊힐 만하면 생각 중. 지나간 옛 애인처럼 떠올라. 한바탕 불러대면 술이 떠올라. 갈대처럼 휘고. 잡초처럼 밟힌 내 인생살이. 술 한 잔에 울고. 노랫가락 속에 웃는 내 인생아. 나의 트로트. 힙합 댄스 락. 발라드도 좋지만 슬플 땐,What. 힙합 댄스 락. 발라드도 좋지만 슬플 땐 what. 힙합 댄스 락. 발라드도 좋지만 슬플 땐 what. 힙합 댄스 락. 발라드도 좋지만 슬플 땐. 트로트. 갈대처럼 휘고. 잡초처럼 밟힌 내 인생살이. 태산처럼 쌓여. 모래처럼 흩어진 나의 인생아. 갈 더없이 뛰고. 정처 없이 떠도는 하루살이. 술 한 잔에 울고. 노랫가락 속에 웃는 내 인생아. 나의 트로트. 힙합 댄스 락. 발라드도 좋지만 슬플 땐 what. 힙합 댄스 락. 발라드도 좋지만 슬플 땐 what. 힙합 댄스 락. 발라드도 좋지만 슬플 땐 what. 힙합 댄스 락. 발라드도 좋지만 슬플 땐."
7,코드쿤스트,꽃,아름다워 Like a flower.Life is like a flower.상을 탔어 나에게 보내줘.Send me flowers.시작은 함께 Flowers.끝도 함께 Flowers.이 세상 떠날 때.Give me flowers.Uh uh uh uh uh.아름다워 Like a flower.Uh uh uh uh uh.이 세상 떠날 때.Give me flowers.Yuh yuh in my pocket.내 집 앞 가게.잘 못 지나치겠어 물어보고 걍 사 왔지.짜피 Chop it.다 뿌리 잘린.꽃이라 별 감흥 없지만.니 얘기면 다르지요.어 렌즈 끼고 와서 얘기해.제대로 보이지도 않으며 걍 이쁘대.Whats your time.And whats your life motto.이번 꽃도 며칠 못 가 사진 찍고 버려.도로 위에 멋진 차는 Skrtt.다음 차례 명품 옷과 얼음.시계 밖에 차는 버릇.Uh 믿지 마 쟤네 부.야 잊지 마 이게 Better woo.다 있고 있어 몇천 밑천 까면.다이아 캐럿 그냥.사 But 넌 돈으로 못 사고 좋대요.Colombo Joe Boby Trolley Toe Chair.가릴 것만 가리고서 가자.곧 헤어질 시간.우리랑 거리가 먼 로데오.아름다워 Like a flower.Life is like a flower.상을 탔어 나에게 보내줘.Send me flowers.시작은 함께 Flowers.끝도 함께 Flowers.이 세상 떠날 때.Give me flowers.Uh uh uh uh uh.아름다워 Like a flower.Uh uh uh uh uh.이 세상 떠날 때.Give me flowers.티비 속에 내 모습은 아름다워.미안해 너가 내 가시에 찔렸다면.그냥 지나가다가 뽑아왔는데.니 취향이 아니면 그냥 버리던가 해.Uh 지지 않는 꽃은 없지만.그댄 너무 빨리 졌지 아.그대여 너무 빨리 가지 마요.거기서는 부디 우리들을 찾지 마요.처음엔 우린 너무 예쁜 아이.한 집안의 귀한 아들딸.누군가의 할머니 누군가의 장남.누군가의 사람 또는 누군가의 바람.누군가의 장난 땜에 꺾이는 건.너무 슬프잖아 우린 설 익은걸.어려운 이름들의 약을 입에다 털어 넣고.무대에선 잘난 척해 나 이만큼 벌었어.아름다워 Like a flower.Life is like a flower.상을 탔어 나에게 보내줘.Send me flowers.시작은 함께 Flowers.끝도 함께 Flowers.이 세상 떠날 때.Give me flowers.Uh uh uh uh uh.아름다워 Like a flower.Uh uh uh uh uh.이 세상 떠날 때.Give me flowers.Smiles and tears.will never go away.Its so beautiful.but it will fade some day.Ill see you at the crossroads.Ill see you at the crossroads.So you wont be lonely.,"아름다워 Like a flower. Life is like a flower. 상을 탔어 나에게 보내줘. Send me flowers. 시작은 함께 Flowers. 끝도 함께 Flowers. 이 세상 떠날 때. Give me flowers. Uh uh uh uh uh. 아름다워 Like a flower. Uh uh uh uh uh. 이 세상 떠날 때. Give me flowers. Yeah, you in my pocket. 내 집 앞 가게. 잘 못 지나치겠어 물어보고 그냥 사 왔지. 짜리 Chop it. 다 뿌리 잘린. 꽃이라 별 감흥 없지만. 네 얘기면 다르지요. 어 렌즈 끼고 와서 얘기해. 제대로 보이지도 않으며 그냥 이쁘대. What's your time. And what's your life motto. 이번 꽃도 며칠 못 가 사진 찍고 버려. 도로 위에,멋진 차는 Skrtt. 다음 차례 명품 옷과 얼음. 시계 밖에 차는 버릇. Uh 믿지 마 쟤네 부. 야 잊지 마 이게 Better woo. 다 있고 있어 몇천 밑천 까면. 다이아 캐럿 그냥. 사 But 넌 돈으로 못 사고 좋대요. Colombo, Joe Boby Trolley Toe Chair. 가릴 것만 가리고서 가자. 곧 헤어질 시간. 우리랑 거리가 먼 로데오. 아름다워 Like a flower. Life is like a flower. 상을 탔어 나에게 보내줘. Send me flowers. 시작은 함께 Flowers. 끝도 함께 Flowers. 이 세상 떠날 때. Give me flowers. Uh uh uh uh uh. 아름다워 Like a flower. Uh uh uh uh uh. 이 세상 떠날 때. Give me flowers. 티브이 속에,내 모습은 아름다워. 미안해 네가 내 가시에 찔렸다면. 그냥 지나가다가 뽑아왔는데. 네 취향이 아니면 그냥 버리던가 해. Uh 지지 않는 꽃은 없지만. 그댄 너무 빨리 졌지 아. 그대여 너무 빨리 가지 마요. 거기서는 부디 우리들을 찾지 마요. 처음엔 우린 너무 예쁜 아이. 한 집안의 귀한 아들딸. 누군가의 할머니 누군가의 장남. 누군가의 사람 또는 누군가의 바람. 누군가의 장난 땜에 꺾이는 건. 너무 슬프잖아 우린 설익은걸. 어려운 이름들의 약을 입에다 털어 넣고. 무대에선 잘난 척해 나 이만큼 벌었어. 아름다워 Like a flower. Life is like a flower. 상을 탔어 나에게 보내줘. Send me flowers. 시작은 함께 Flowers. 끝도 함께 Flowers. 이 세상 떠날 때. Give me flowers. Uh,어. 어. 아들 다. 꽃처럼. 어. 어. 이 세상. 나에게 꽃을 줘. 미소와 눈물. 결코 가지 않을 것입니다. 너무 아름답습니다. 그러나 그것은 언젠가는 퇴색할 것입니다. 아프게 당신을 교차로에서 만나십시오. 아프게 당신을 교차로에서 만나십시오. 그래서 당신은 외롭지 않을 것입니다."
8,이적,하늘을 달리다,두근거렸지 .누군가 나의 뒤를 쫓고 있었고 .검은 절벽 끝 .더 이상 발 디딜 곳 하나 없었지 .자꾸 목이 메어 .간절히 네 이름을 되뇌었을 때 .귓가에 울리는 .그대의 뜨거운 목소리 .그게 나의 구원이었어 .마른하늘을 달려 .나 그대에게 안길 수만 있으면 .내 몸 부서진대도 좋아 .설혹 너무 태양 가까이 날아 .두 다리 모두 녹아 내린다고 해도 .내 맘 그대 마음속으로 .영원토록 달려갈거야 .내가 미웠지 .난 결국 이것밖에 안 돼 보였고 .오랜 꿈들이 .공허한 어린 날의 착각 같았지 .울먹임을 참고 .남몰래 네 이름을 속삭였을 때 .귓가에 울리는 .그대의 뜨거운 목소리 .그게나의 희망이었어 .마른하늘을 달려 .나 그대에게 안길 수만 있으면 .내 몸 부서진대도 좋아 .설혹 너무 태양 가까이 날아 .두 다리 모두 녹아 내린다고 해도 .내 맘 그대 마음속으로 .영원토록 달려갈거야 .허약한 내 영혼에 .힘을 날개를 달 수 있다면 .마른하늘을 달려.나 그대에게 안길 수만 있으면 .내 몸 부서진대도 좋아 .설혹 너무 태양 가까이 날아 .두 다리 모두 녹아 내린다고 해도 .내 맘 그대 마음속으로 .영원토록 달려갈거야 .영원토록 달려갈거야.,"두근거렸지. 누군가 나의 뒤를 쫓고 있었고. 검은 절벽 끝. 더 이상 발 디딜 곳 하나 없었지. 자꾸 목이 메어. 간절히 네 이름을 되뇌었을 때. 귓가에 울리는. 그대의 뜨거운 목소리. 그게 나의 구원이었어. 마른하늘을 달려. 나 그대에게 안길 수만 있으면. 내 몸 부서진대도 좋아. 설혹 너무 태양 가까이 날아. 두 다리 모두 녹아내린다고 해도. 내 맘 그대 마음속으로. 영원토록 달려갈 거야. 내가 미웠지. 난 결국 이것밖에 안 돼 보였고. 오랜 꿈들이. 공허한 어린 날의 착각 같았지. 울먹임을 참고. 남몰래 네 이름을 속삭였을 때. 귓가에 울리는. 그대의 뜨거운 목소리. 그게 나의 희망이었어. 마른하늘을 달려. 나 그대에게 안길 수만 있으면. 내 몸 부서진대도 좋아. 설혹 너무 태양 가까이 날아. 두 다리,모두 녹아내린다고 해도. 내 맘 그대 마음속으로. 영원토록 달려갈 거야. 허약한 내 영혼에. 힘을 날개를 달 수 있다면. 마른하늘을 달려. 나 그대에게 안길 수만 있으면. 내 몸 부서진대도 좋아. 설혹 너무 태양 가까이 날아. 두 다리 모두 녹아내린다고 해도. 내 맘 그대 마음속으로. 영원토록 달려갈 거야. 영원토록 달려갈 거야."
